SETTLEMENTDATE,SOLAR
2016-11-01 00:05:00,0
2016-11-01 00:10:00,0
2016-11-01 00:15:00,0
2016-11-01 00:20:00,0
2016-11-01 00:25:00,0
2016-11-01 00:30:00,0
2016-11-01 00:35:00,0
2016-11-01 00:40:00,0
2016-11-01 00:45:00,0
2016-11-01 00:50:00,0
2016-11-01 00:55:00,0
2016-11-01 01:00:00,0
2016-11-01 01:05:00,0
2016-11-01 01:10:00,0
2016-11-01 01:15:00,0
2016-11-01 01:20:00,0
2016-11-01 01:25:00,0
2016-11-01 01:30:00,0
2016-11-01 01:35:00,0
2016-11-01 01:40:00,0
2016-11-01 01:45:00,0
2016-11-01 01:50:00,0
2016-11-01 01:55:00,0
2016-11-01 02:00:00,0
2016-11-01 02:05:00,0
2016-11-01 02:10:00,0
2016-11-01 02:15:00,0
2016-11-01 02:20:00,0
2016-11-01 02:25:00,0
2016-11-01 02:30:00,0
2016-11-01 02:35:00,0
2016-11-01 02:40:00,0
2016-11-01 02:45:00,0
2016-11-01 02:50:00,0
2016-11-01 02:55:00,0
2016-11-01 03:00:00,0
2016-11-01 03:05:00,0
2016-11-01 03:10:00,0
2016-11-01 03:15:00,0
2016-11-01 03:20:00,0
2016-11-01 03:25:00,0
2016-11-01 03:30:00,0
2016-11-01 03:35:00,0
2016-11-01 03:40:00,0
2016-11-01 03:45:00,0
2016-11-01 03:50:00,0
2016-11-01 03:55:00,0
2016-11-01 04:00:00,0
2016-11-01 04:05:00,0
2016-11-01 04:10:00,0
2016-11-01 04:15:00,0
2016-11-01 04:20:00,0
2016-11-01 04:25:00,0
2016-11-01 04:30:00,0
2016-11-01 04:35:00,0
2016-11-01 04:40:00,0
2016-11-01 04:45:00,0
2016-11-01 04:50:00,0
2016-11-01 04:55:00,0
2016-11-01 05:00:00,0
2016-11-01 05:05:00,0
2016-11-01 05:10:00,0
2016-11-01 05:15:00,0
2016-11-01 05:20:00,0
2016-11-01 05:25:00,0
2016-11-01 05:30:00,0
2016-11-01 05:35:00,0.0032406192
2016-11-01 05:40:00,0.0064812384
2016-11-01 05:45:00,0.0129624769
2016-11-01 05:50:00,0.0259249537
2016-11-01 05:55:00,0.0259249537
2016-11-01 06:00:00,0.0324061922
2016-11-01 06:05:00,0.0388874306
2016-11-01 06:10:00,0.0533341111
2016-11-01 06:15:00,0.0566491349
2016-11-01 06:20:00,0.0492105528
2016-11-01 06:25:00,0.0492105528
2016-11-01 06:30:00,0.0794916765
2016-11-01 06:35:00,0.0834696662
2016-11-01 06:40:00,0.1633174219
2016-11-01 06:45:00,0.1290741227
2016-11-01 06:50:00,0.174597823
2016-11-01 06:55:00,0.1981018397
2016-11-01 07:00:00,0.1762371226
2016-11-01 07:05:00,0.2311884323
2016-11-01 07:10:00,0.219710159
2016-11-01 07:15:00,0.2264825995
2016-11-01 07:20:00,0.2729826335
2016-11-01 07:25:00,0.2894198968
2016-11-01 07:30:00,0.432239754
2016-11-01 07:35:00,0.4285687157
2016-11-01 07:40:00,0.4362399095
2016-11-01 07:45:00,0.4841244657
2016-11-01 07:50:00,0.4908383158
2016-11-01 07:55:00,0.5473339102
2016-11-01 08:00:00,0.4117517167
2016-11-01 08:05:00,0.5153154257
2016-11-01 08:10:00,0.5699723575
2016-11-01 08:15:00,0.6278731492
2016-11-01 08:20:00,0.6300203835
2016-11-01 08:25:00,0.6781992527
2016-11-01 08:30:00,0.7017791648
2016-11-01 08:35:00,0.7233701144
2016-11-01 08:40:00,0.7462870605
2016-11-01 08:45:00,0.7698701484
2016-11-01 08:50:00,0.791461098
2016-11-01 08:55:00,0.8130504921
2016-11-01 09:00:00,0.8346414417
2016-11-01 09:05:00,0.8568953572
2016-11-01 09:10:00,0.8836399283
2016-11-01 09:15:00,0.8034409543
2016-11-01 09:20:00,0.9186380326
2016-11-01 09:25:00,0.931757161
2016-11-01 09:30:00,0.9513575278
2016-11-01 09:35:00,0.9725734081
2016-11-01 09:40:00,0.9746446823
2016-11-01 09:45:00,0.9812035012
2016-11-01 09:50:00,0.9349534485
2016-11-01 09:55:00,0.9894600804
2016-11-01 10:00:00,0.9684736359
2016-11-01 10:05:00,0.9980078617
2016-11-01 10:10:00,0.9863729369
2016-11-01 10:15:00,0.9977151042
2016-11-01 10:20:00,0.9993354138
2016-11-01 10:25:00,0.9960947946
2016-11-01 10:30:00,0.9960947946
2016-11-01 10:35:00,0.9960947946
2016-11-01 10:40:00,0.9960947946
2016-11-01 10:45:00,0.9960947946
2016-11-01 10:50:00,0.9993354138
2016-11-01 10:55:00,0.9986708924
2016-11-01 11:00:00,0.9986708924
2016-11-01 11:05:00,0.9986708924
2016-11-01 11:10:00,0.9986708924
2016-11-01 11:15:00,0.9986708924
2016-11-01 11:20:00,0.9986708924
2016-11-01 11:25:00,0.9986708924
2016-11-01 11:30:00,0.9889490348
2016-11-01 11:35:00,0.9960947946
2016-11-01 11:40:00,0.9954302732
2016-11-01 11:45:00,0.9954302732
2016-11-01 11:50:00,0.9954302732
2016-11-01 11:55:00,0.9947672425
2016-11-01 12:00:00,0.9954302732
2016-11-01 12:05:00,0.9970505828
2016-11-01 12:10:00,0.9847526273
2016-11-01 12:15:00,0.9970505828
2016-11-01 12:20:00,0.9986708924
2016-11-01 12:25:00,0.9986708924
2016-11-01 12:30:00,0.9986708924
2016-11-01 12:35:00,0.9993354138
2016-11-01 12:40:00,0.9986708924
2016-11-01 12:45:00,0.9986708924
2016-11-01 12:50:00,0.9993354138
2016-11-01 12:55:00,0.9993354138
2016-11-01 13:00:00,0.9986708924
2016-11-01 13:05:00,0.9993354138
2016-11-01 13:10:00,0.9986708924
2016-11-01 13:15:00,1
2016-11-01 13:20:00,0.9980078617
2016-11-01 13:25:00,0.9993354138
2016-11-01 13:30:00,0.9993354138
2016-11-01 13:35:00,0.9993354138
2016-11-01 13:40:00,0.9986708924
2016-11-01 13:45:00,0.9993354138
2016-11-01 13:50:00,0.9993354138
2016-11-01 13:55:00,0.9993354138
2016-11-01 14:00:00,0.9993354138
2016-11-01 14:05:00,0.9993354138
2016-11-01 14:10:00,0.9980094821
2016-11-01 14:15:00,0.9928541754
2016-11-01 14:20:00,0.9863729369
2016-11-01 14:25:00,0.9798916985
2016-11-01 14:30:00,0.9734104601
2016-11-01 14:35:00,0.9604479832
2016-11-01 14:40:00,0.9474855063
2016-11-01 14:45:00,0.9390137499
2016-11-01 14:50:00,0.9247252765
2016-11-01 14:55:00,0.9077816341
2016-11-01 15:00:00,0.8921624328
2016-11-01 15:05:00,0.8758833766
2016-11-01 15:10:00,0.858275148
2016-11-01 15:15:00,0.8393378119
2016-11-01 15:20:00,0.819740556
2016-11-01 15:25:00,0.7929943646
2016-11-01 15:30:00,0.7747247904
2016-11-01 15:35:00,0.7531338408
2016-11-01 15:40:00,0.7322058571
2016-11-01 15:45:00,0.7139346626
2016-11-01 15:50:00,0.6878562332
2016-11-01 15:55:00,0.661111662
2016-11-01 16:00:00,0.6401868541
2016-11-01 16:05:00,0.6141052488
2016-11-01 16:10:00,0.5978230168
2016-11-01 16:15:00,0.568424897
2016-11-01 16:20:00,0.5350439266
2016-11-01 16:25:00,0.5147837697
2016-11-01 16:30:00,0.4468905935
2016-11-01 16:35:00,0.4486817485
2016-11-01 16:40:00,0.3925864354
2016-11-01 16:45:00,0.4076518797
2016-11-01 16:50:00,0.3789182813
2016-11-01 16:55:00,0.3415545899
2016-11-01 17:00:00,0.3013839388
2016-11-01 17:05:00,0.2859213242
2016-11-01 17:10:00,0.2631579186
2016-11-01 17:15:00,0.222984027
2016-11-01 17:20:00,0.1940953973
2016-11-01 17:25:00,0.1414669635
2016-11-01 17:30:00,0.1742956028
2016-11-01 17:35:00,0.1354525039
2016-11-01 17:40:00,0.1238175791
2016-11-01 17:45:00,0.0796641422
2016-11-01 17:50:00,0.0897720873
2016-11-01 17:55:00,0.0759915485
2016-11-01 18:00:00,0.0681843135
2016-11-01 18:05:00,0.0595558407
2016-11-01 18:10:00,0.0431201978
2016-11-01 18:15:00,0.0331657285
2016-11-01 18:20:00,0.0240293211
2016-11-01 18:25:00,0.0207080105
2016-11-01 18:30:00,0.0173929867
2016-11-01 18:35:00,0.0095857516
2016-11-01 18:40:00,0.0082597551
2016-11-01 18:45:00,0.0016203096
2016-11-01 18:50:00,0.0016203096
2016-11-01 18:55:00,0.0016203096
2016-11-01 19:00:00,0.0016203096
2016-11-01 19:05:00,0
2016-11-01 19:10:00,0
2016-11-01 19:15:00,0
2016-11-01 19:20:00,0
2016-11-01 19:25:00,0
2016-11-01 19:30:00,0
2016-11-01 19:35:00,0
2016-11-01 19:40:00,0
2016-11-01 19:45:00,0
2016-11-01 19:50:00,0
2016-11-01 19:55:00,0
2016-11-01 20:00:00,0
2016-11-01 20:05:00,0
2016-11-01 20:10:00,0
2016-11-01 20:15:00,0
2016-11-01 20:20:00,0
2016-11-01 20:25:00,0
2016-11-01 20:30:00,0
2016-11-01 20:35:00,0
2016-11-01 20:40:00,0
2016-11-01 20:45:00,0
2016-11-01 20:50:00,0
2016-11-01 20:55:00,0
2016-11-01 21:00:00,0
2016-11-01 21:05:00,0
2016-11-01 21:10:00,0
2016-11-01 21:15:00,0
2016-11-01 21:20:00,0
2016-11-01 21:25:00,0
2016-11-01 21:30:00,0
2016-11-01 21:35:00,0
2016-11-01 21:40:00,0
2016-11-01 21:45:00,0
2016-11-01 21:50:00,0
2016-11-01 21:55:00,0
2016-11-01 22:00:00,0
2016-11-01 22:05:00,0
2016-11-01 22:10:00,0
2016-11-01 22:15:00,0
2016-11-01 22:20:00,0
2016-11-01 22:25:00,0
2016-11-01 22:30:00,0
2016-11-01 22:35:00,0
2016-11-01 22:40:00,0
2016-11-01 22:45:00,0
2016-11-01 22:50:00,0
2016-11-01 22:55:00,0
2016-11-01 23:00:00,0
2016-11-01 23:05:00,0
2016-11-01 23:10:00,0
2016-11-01 23:15:00,0
2016-11-01 23:20:00,0
2016-11-01 23:25:00,0
2016-11-01 23:30:00,0
2016-11-01 23:35:00,0
2016-11-01 23:40:00,0
2016-11-01 23:45:00,0
2016-11-01 23:50:00,0
2016-11-01 23:55:00,0
2016-11-02 00:00:00,0
